Generation,Num Partitions,Best Fitness,Cut Edges,Max-Min Partition Size Difference,c_weight,b_weight
1,10,125952.9,31411,18,4,1
2,10,125840.9,31382,18,4,1
3,10,125834.9,31376,18,4,1
4,10,125740.9,31365,18,4,1
5,10,125740.9,31365,18,4,1
6,10,125740.9,31365,18,4,1
7,10,125740.9,31365,18,4,1
8,10,125740.9,31365,18,4,1
9,10,125730.9,31332,20,4,1
10,10,125714.9,31331,19,4,1
11,10,125698.9,31326,19,4,1
12,10,125694.9,31332,19,4,1
13,10,125682.9,31326,19,4,1
14,10,125680.9,31332,19,4,1
15,10,125666.9,31326,18,4,1
16,10,125666.9,31326,18,4,1
17,10,125666.9,31326,18,4,1
18,10,125654.9,31320,18,4,1
19,10,125634.9,31312,19,4,1
20,10,125622.9,31313,19,4,1
21,10,125622.9,31313,19,4,1
22,10,125622.9,31313,19,4,1
23,10,125622.9,31313,19,4,1
24,10,125622.9,31313,19,4,1
25,10,125622.9,31313,19,4,1
26,10,125600.9,31313,19,4,1
27,10,125600.9,31313,19,4,1
28,10,125600.9,31313,19,4,1
29,10,125600.9,31313,19,4,1
30,10,125556.9,31309,19,4,1
31,10,125556.9,31309,19,4,1
32,10,125556.9,31309,19,4,1
33,10,125556.9,31309,19,4,1
34,10,125532.9,31306,18,4,1
35,10,125532.9,31306,18,4,1
36,10,125508.9,31304,17,4,1
37,10,125484.9,31302,17,4,1
38,10,125484.9,31302,17,4,1
39,10,125434.9,31296,16,4,1
40,10,125434.9,31296,16,4,1
41,10,125434.9,31296,16,4,1
42,10,125434.9,31296,16,4,1
43,10,125434.9,31296,16,4,1
44,10,125434.9,31296,16,4,1
45,10,125434.9,31296,16,4,1
46,10,125434.9,31296,16,4,1
47,10,125434.9,31296,16,4,1
48,10,125434.9,31296,16,4,1
49,10,125418.9,31290,16,4,1
50,10,125418.9,31290,16,4,1
51,10,125418.9,31290,16,4,1
52,10,125418.9,31290,16,4,1
53,10,125418.9,31290,16,4,1
54,10,125396.9,31292,15,4,1
55,10,125396.9,31292,15,4,1
56,10,125396.9,31292,15,4,1
57,10,125396.9,31292,15,4,1
58,10,125396.9,31292,15,4,1
59,10,125382.9,31286,15,4,1
60,10,125382.9,31286,15,4,1
61,10,125382.9,31286,15,4,1
62,10,125346.9,31280,15,4,1
63,10,125346.9,31280,15,4,1
64,10,125346.9,31280,15,4,1
65,10,125334.9,31281,15,4,1
66,10,125334.9,31281,15,4,1
67,10,125304.9,31269,16,4,1
68,10,125304.9,31269,16,4,1
69,10,125284.9,31266,16,4,1
70,10,125284.9,31266,16,4,1
71,10,125284.9,31266,16,4,1
72,10,125284.9,31266,16,4,1
73,10,125278.9,31265,16,4,1
74,10,125248.9,31256,16,4,1
75,10,125248.9,31256,16,4,1
76,10,125246.9,31262,15,4,1
77,10,125246.9,31262,15,4,1
78,10,125246.9,31262,15,4,1
79,10,125232.9,31258,15,4,1
80,10,125232.9,31258,15,4,1
81,10,125232.9,31258,15,4,1
82,10,125232.9,31258,15,4,1
83,10,125232.9,31258,15,4,1
84,10,125232.9,31258,15,4,1
85,10,125228.9,31259,15,4,1
86,10,125228.9,31259,15,4,1
87,10,125228.9,31259,15,4,1
88,10,125224.9,31258,15,4,1
89,10,125192.9,31257,13,4,1
90,10,125192.9,31257,13,4,1
91,10,125184.9,31250,14,4,1
92,10,125182.9,31253,13,4,1
93,10,125182.9,31253,13,4,1
94,10,125162.9,31251,13,4,1
95,10,125162.9,31251,13,4,1
96,10,125158.9,31248,13,4,1
97,10,125118.9,31241,12,4,1
98,10,125118.9,31241,12,4,1
99,10,125118.9,31241,12,4,1
100,10,125122.9,31244,12,4,1
101,10,125114.9,31246,11,4,1
102,10,125114.9,31246,11,4,1
103,10,125122.9,31244,12,4,1
104,10,125122.9,31244,12,4,1
105,10,125122.9,31244,12,4,1
106,10,125122.9,31244,12,4,1
107,10,125122.9,31244,12,4,1
108,10,125122.9,31244,12,4,1
109,10,125112.9,31245,12,4,1
110,10,125112.9,31245,12,4,1
111,10,125102.9,31242,12,4,1
112,10,125112.9,31245,12,4,1
113,10,125098.9,31245,12,4,1
114,10,125098.9,31245,12,4,1
115,10,125098.9,31245,12,4,1
116,10,125098.9,31245,12,4,1
117,10,125096.9,31244,12,4,1
118,10,125082.9,31243,12,4,1
119,10,125082.9,31243,12,4,1
120,10,125060.9,31237,12,4,1
121,10,125060.9,31237,12,4,1
122,10,125052.9,31239,11,4,1
123,10,125044.9,31236,11,4,1
124,10,125044.9,31236,11,4,1
125,10,125028.9,31235,10,4,1
126,10,125036.9,31238,10,4,1
127,10,125034.9,31233,11,4,1
128,10,125018.9,31232,11,4,1
129,10,125012.9,31230,11,4,1
130,10,125012.9,31230,11,4,1
131,10,125012.9,31230,11,4,1
132,10,125012.9,31230,11,4,1
133,10,124968.9,31219,11,4,1
134,10,124962.9,31214,12,4,1
135,10,124962.9,31214,12,4,1
136,10,124944.9,31214,11,4,1
137,10,124926.9,31210,11,4,1
138,10,124912.9,31211,9,4,1
139,10,124896.9,31206,9,4,1
140,10,124896.9,31206,9,4,1
141,10,124888.9,31202,9,4,1
142,10,124888.9,31202,9,4,1
143,10,124870.9,31194,10,4,1
144,10,124870.9,31194,10,4,1
145,10,124866.9,31192,10,4,1
146,10,124850.9,31192,9,4,1
147,10,124844.9,31188,10,4,1
148,10,124816.9,31184,9,4,1
149,10,124816.9,31184,9,4,1
150,10,124816.9,31184,9,4,1
151,10,124816.9,31184,9,4,1
152,10,124816.9,31184,9,4,1
153,10,124812.9,31184,8,4,1
154,10,124812.9,31184,8,4,1
155,10,124812.9,31184,8,4,1
156,10,124812.9,31184,8,4,1
157,10,124776.9,31176,8,4,1
158,10,124776.9,31176,8,4,1
159,10,124776.9,31176,8,4,1
160,10,124776.9,31176,8,4,1
161,10,124776.9,31176,8,4,1
162,10,124776.9,31176,8,4,1
163,10,124776.9,31176,8,4,1
164,10,124732.9,31167,7,4,1
165,10,124732.9,31167,7,4,1
166,10,124732.9,31167,7,4,1
167,10,124732.9,31169,7,4,1
168,10,124716.9,31161,8,4,1
169,10,124716.9,31161,8,4,1
170,10,124706.9,31160,8,4,1
171,10,124688.9,31154,8,4,1
172,10,124668.9,31152,8,4,1
173,10,124658.9,31152,7,4,1
174,10,124644.9,31148,7,4,1
175,10,124644.9,31148,7,4,1
176,10,124628.9,31144,7,4,1
177,10,124628.9,31144,7,4,1
178,10,124628.9,31144,7,4,1
179,10,124628.9,31144,7,4,1
180,10,124628.9,31144,7,4,1
181,10,124628.9,31144,7,4,1
182,10,124600.9,31137,7,4,1
183,10,124600.9,31137,7,4,1
184,10,124600.9,31137,7,4,1
185,10,124600.9,31137,7,4,1
186,10,124600.9,31137,7,4,1
187,10,124588.9,31134,7,4,1
188,10,124574.9,31131,6,4,1
189,10,124574.9,31131,6,4,1
190,10,124574.9,31131,6,4,1
191,10,124568.9,31130,6,4,1
192,10,124568.9,31130,6,4,1
193,10,124568.9,31130,6,4,1
194,10,124538.9,31123,6,4,1
195,10,124538.9,31123,6,4,1
196,10,124538.9,31123,6,4,1
197,10,124538.9,31123,6,4,1
198,10,124538.9,31123,6,4,1
199,10,124538.9,31123,6,4,1
200,10,124524.9,31120,5,4,1
201,10,124504.9,31117,5,4,1
202,10,124520.9,31118,7,4,1
203,10,124490.9,31113,5,4,1
204,10,124490.9,31113,5,4,1
205,10,124482.9,31108,7,4,1
206,10,124480.9,31111,5,4,1
207,10,124480.9,31110,6,4,1
208,10,124480.9,31110,6,4,1
209,10,124480.9,31110,6,4,1
210,10,124474.9,31110,6,4,1
211,10,124474.9,31110,6,4,1
212,10,124470.9,31109,6,4,1
213,10,124470.9,31109,6,4,1
214,10,124470.9,31109,6,4,1
215,10,124470.9,31109,6,4,1
216,10,124468.9,31108,6,4,1
217,10,124468.9,31108,6,4,1
218,10,124464.9,31108,6,4,1
219,10,124464.9,31108,6,4,1
220,10,124464.9,31108,6,4,1
221,10,124432.9,31099,7,4,1
222,10,124432.9,31099,7,4,1
223,10,124408.9,31092,7,4,1
224,10,124408.9,31092,7,4,1
225,10,124408.9,31092,7,4,1
226,10,124408.9,31092,7,4,1
227,10,124408.9,31092,7,4,1
228,10,124408.9,31092,7,4,1
229,10,124408.9,31092,7,4,1
230,10,124408.9,31092,7,4,1
231,10,124406.9,31089,8,4,1
232,10,124406.9,31089,8,4,1
233,10,124406.9,31089,8,4,1
234,10,124406.9,31089,8,4,1
235,10,124406.9,31089,8,4,1
236,10,124406.9,31089,8,4,1
237,10,124406.9,31089,8,4,1
238,10,124406.9,31089,8,4,1
239,10,124406.9,31089,8,4,1
240,10,124406.9,31089,8,4,1
241,10,124406.9,31089,8,4,1
242,10,124406.9,31089,8,4,1
243,10,124406.9,31089,8,4,1
244,10,124406.9,31089,8,4,1
245,10,124406.9,31089,8,4,1
246,10,124406.9,31089,8,4,1
247,10,124402.9,31085,9,4,1
248,10,124400.9,31084,9,4,1
249,10,124406.9,31089,8,4,1
250,10,124406.9,31089,8,4,1
251,10,124406.9,31089,8,4,1
252,10,124406.9,31089,8,4,1
253,10,124406.9,31089,8,4,1
254,10,124406.9,31089,8,4,1
255,10,124406.9,31089,8,4,1
256,10,124400.9,31087,8,4,1
257,10,124400.9,31087,8,4,1
258,10,124400.9,31087,8,4,1
259,10,124400.9,31087,8,4,1
260,10,124400.9,31087,8,4,1
261,10,124390.9,31083,8,4,1
262,10,124390.9,31083,8,4,1
263,10,124390.9,31083,8,4,1
264,10,124390.9,31083,8,4,1
265,10,124390.9,31083,8,4,1
266,10,124390.9,31083,8,4,1
267,10,124390.9,31083,8,4,1
268,10,124390.9,31083,8,4,1
269,10,124390.9,31083,8,4,1
270,10,124386.9,31083,8,4,1
271,10,124386.9,31083,8,4,1
272,10,124338.9,31069,8,4,1
273,10,124338.9,31069,8,4,1
274,10,124338.9,31069,8,4,1
275,10,124338.9,31069,8,4,1
276,10,124338.9,31069,8,4,1
277,10,124338.9,31069,8,4,1
278,10,124338.9,31069,8,4,1
279,10,124338.9,31069,8,4,1
280,10,124338.9,31069,8,4,1
281,10,124334.9,31066,8,4,1
282,10,124334.9,31066,8,4,1
283,10,124320.9,31064,8,4,1
284,10,124320.9,31064,8,4,1
285,10,124320.9,31064,8,4,1
286,10,124320.9,31064,8,4,1
287,10,124320.9,31064,8,4,1
288,10,124320.9,31064,8,4,1
289,10,124320.9,31064,8,4,1
290,10,124320.9,31064,8,4,1
291,10,124314.9,31063,8,4,1
292,10,124314.9,31063,8,4,1
293,10,124314.9,31063,8,4,1
294,10,124314.9,31063,8,4,1
295,10,124292.9,31060,8,4,1
296,10,124292.9,31060,8,4,1
297,10,124292.9,31060,8,4,1
298,10,124292.9,31060,8,4,1
299,10,124284.9,31057,9,4,1
300,10,124284.9,31057,9,4,1
301,10,124284.9,31057,9,4,1
302,10,124258.9,31051,9,4,1
303,10,124258.9,31051,9,4,1
304,10,124258.9,31051,9,4,1
305,10,124258.9,31051,9,4,1
306,10,124258.9,31051,9,4,1
307,10,124258.9,31053,8,4,1
308,10,124250.9,31050,8,4,1
309,10,124250.9,31050,8,4,1
310,10,124250.9,31050,8,4,1
311,10,124232.9,31045,8,4,1
312,10,124222.9,31044,7,4,1
313,10,124222.9,31044,7,4,1
314,10,124222.9,31044,7,4,1
315,10,124222.9,31044,7,4,1
316,10,124222.9,31044,7,4,1
317,10,124222.9,31044,7,4,1
318,10,124208.9,31042,7,4,1
319,10,124182.9,31036,6,4,1
320,10,124168.9,31034,6,4,1
321,10,124164.9,31033,6,4,1
322,10,124164.9,31033,6,4,1
323,10,124128.9,31023,6,4,1
324,10,124128.9,31023,6,4,1
325,10,124128.9,31023,6,4,1
326,10,124128.9,31020,7,4,1
327,10,124128.9,31020,7,4,1
328,10,124114.9,31016,8,4,1
329,10,124128.9,31023,6,4,1
330,10,124128.9,31023,6,4,1
331,10,124120.9,31019,7,4,1
332,10,124120.9,31019,7,4,1
333,10,124120.9,31019,7,4,1
334,10,124120.9,31019,7,4,1
335,10,124120.9,31019,7,4,1
336,10,124120.9,31019,7,4,1
337,10,124120.9,31019,7,4,1
338,10,124120.9,31019,7,4,1
339,10,124110.9,31017,6,4,1
340,10,124110.9,31017,6,4,1
341,10,124110.9,31017,6,4,1
342,10,124102.9,31017,6,4,1
343,10,124102.9,31017,6,4,1
344,10,124102.9,31017,6,4,1
345,10,124102.9,31017,6,4,1
346,10,124092.9,31012,7,4,1
347,10,124084.9,31010,7,4,1
348,10,124084.9,31010,7,4,1
349,10,124084.9,31010,7,4,1
350,10,124064.9,31008,6,4,1
351,10,124072.9,31008,6,4,1
352,10,124080.9,31010,6,4,1
353,10,124058.9,31002,6,4,1
354,10,124058.9,31002,6,4,1
355,10,124046.9,31001,6,4,1
356,10,124046.9,31001,6,4,1
357,10,124046.9,31001,6,4,1
358,10,124046.9,31001,6,4,1
359,10,124046.9,31001,6,4,1
360,10,124046.9,31001,6,4,1
361,10,124046.9,31001,6,4,1
362,10,124046.9,31001,6,4,1
363,10,124046.9,31001,6,4,1
364,10,124046.9,31001,6,4,1
365,10,124046.9,31001,6,4,1
366,10,124046.9,31001,6,4,1
367,10,124036.9,30996,6,4,1
368,10,124036.9,30996,6,4,1
369,10,124010.9,30991,6,4,1
370,10,124010.9,30991,6,4,1
371,10,124010.9,30991,6,4,1
372,10,124010.9,30991,6,4,1
373,10,124010.9,30991,6,4,1
374,10,124010.9,30991,6,4,1
375,10,124010.9,30991,6,4,1
376,10,124010.9,30991,6,4,1
377,10,124010.9,30991,6,4,1
378,10,124010.9,30991,6,4,1
379,10,124010.9,30991,6,4,1
380,10,124010.9,30991,6,4,1
381,10,124010.9,30991,6,4,1
382,10,124004.9,30988,7,4,1
383,10,123994.9,30986,7,4,1
384,10,123994.9,30986,7,4,1
385,10,123994.9,30986,7,4,1
386,10,123994.9,30986,7,4,1
387,10,123992.9,30986,7,4,1
388,10,123992.9,30986,7,4,1
389,10,123992.9,30986,7,4,1
390,10,123992.9,30985,8,4,1
391,10,123978.9,30980,8,4,1
392,10,123978.9,30980,8,4,1
393,10,123968.9,30976,8,4,1
394,10,123968.9,30976,8,4,1
395,10,123968.9,30976,8,4,1
396,10,123962.9,30974,8,4,1
397,10,123962.9,30974,8,4,1
398,10,123962.9,30974,8,4,1
399,10,123956.9,30973,7,4,1
400,10,123956.9,30973,7,4,1
401,10,123956.9,30973,7,4,1
402,10,123954.9,30971,8,4,1
403,10,123954.9,30971,8,4,1
404,10,123954.9,30971,8,4,1
405,10,123952.9,30967,9,4,1
406,10,123952.9,30967,9,4,1
407,10,123952.9,30967,9,4,1
408,10,123952.9,30967,9,4,1
409,10,123932.9,30963,9,4,1
410,10,123932.9,30963,9,4,1
411,10,123932.9,30963,9,4,1
412,10,123932.9,30963,9,4,1
413,10,123932.9,30963,9,4,1
414,10,123932.9,30963,9,4,1
415,10,123932.9,30963,9,4,1
416,10,123932.9,30963,9,4,1
417,10,123932.9,30963,9,4,1
418,10,123932.9,30963,9,4,1
419,10,123932.9,30963,9,4,1
420,10,123932.9,30963,9,4,1
421,10,123932.9,30963,9,4,1
422,10,123930.9,30963,9,4,1
423,10,123918.9,30958,9,4,1
424,10,123900.9,30956,9,4,1
425,10,123900.9,30956,9,4,1
426,10,123900.9,30956,9,4,1
427,10,123900.9,30956,9,4,1
428,10,123900.9,30956,9,4,1
429,10,123900.9,30956,9,4,1
430,10,123886.9,30951,9,4,1
431,10,123886.9,30951,9,4,1
432,10,123886.9,30951,9,4,1
433,10,123884.9,30952,9,4,1
434,10,123886.9,30951,9,4,1
435,10,123886.9,30951,9,4,1
436,10,123878.9,30950,9,4,1
437,10,123878.9,30950,9,4,1
438,10,123872.9,30948,9,4,1
439,10,123878.9,30950,9,4,1
440,10,123878.9,30950,9,4,1
441,10,123878.9,30950,9,4,1
442,10,123872.9,30952,9,4,1
443,10,123854.9,30946,9,4,1
444,10,123850.9,30948,9,4,1
445,10,123828.9,30941,9,4,1
446,10,123828.9,30941,9,4,1
447,10,123828.9,30941,9,4,1
448,10,123828.9,30941,9,4,1
449,10,123828.9,30941,9,4,1
450,10,123828.9,30941,9,4,1
451,10,123820.9,30940,9,4,1
452,10,123820.9,30940,9,4,1
453,10,123820.9,30940,9,4,1
454,10,123812.9,30935,10,4,1
455,10,123812.9,30935,10,4,1
456,10,123812.9,30935,10,4,1
457,10,123812.9,30935,10,4,1
458,10,123820.9,30940,9,4,1
459,10,123820.9,30940,9,4,1
460,10,123820.9,30940,9,4,1
461,10,123820.9,30940,9,4,1
462,10,123818.9,30941,9,4,1
463,10,123808.9,30938,9,4,1
464,10,123808.9,30938,9,4,1
465,10,123808.9,30938,9,4,1
466,10,123792.9,30935,9,4,1
467,10,123808.9,30938,9,4,1
468,10,123792.9,30934,9,4,1
469,10,123792.9,30934,9,4,1
470,10,123792.9,30934,9,4,1
471,10,123792.9,30934,9,4,1
472,10,123792.9,30934,9,4,1
473,10,123792.9,30934,9,4,1
474,10,123792.9,30934,9,4,1
475,10,123790.9,30932,9,4,1
476,10,123766.9,30924,10,4,1
477,10,123764.9,30922,10,4,1
478,10,123760.9,30920,10,4,1
479,10,123764.9,30922,10,4,1
480,10,123764.9,30917,11,4,1
481,10,123764.9,30920,10,4,1
482,10,123760.9,30920,10,4,1
483,10,123750.9,30923,8,4,1
484,10,123750.9,30921,8,4,1
485,10,123750.9,30923,8,4,1
486,10,123750.9,30923,8,4,1
487,10,123750.9,30923,8,4,1
488,10,123746.9,30919,8,4,1
489,10,123724.9,30919,7,4,1
490,10,123724.9,30919,7,4,1
491,10,123722.9,30916,8,4,1
492,10,123722.9,30916,8,4,1
493,10,123716.9,30913,9,4,1
494,10,123716.9,30913,9,4,1
495,10,123698.9,30910,9,4,1
496,10,123698.9,30910,9,4,1
497,10,123698.9,30910,9,4,1
498,10,123678.9,30906,8,4,1
499,10,123678.9,30906,8,4,1
500,10,123678.9,30906,8,4,1
1,10,31809.7,31453,13,1,3
2,10,31809.7,31453,13,1,3
3,10,31602.7,31444,8,1,3
4,10,31586.7,31440,8,1,3
5,10,31586.7,31440,8,1,3
6,10,31586.7,31440,8,1,3
7,10,31586.7,31440,8,1,3
8,10,31576.7,31436,8,1,3
9,10,31576.7,31436,8,1,3
10,10,31577.7,31431,8,1,3
11,10,31546.7,31436,7,1,3
12,10,31546.7,31436,7,1,3
13,10,31546.7,31436,7,1,3
14,10,31526.7,31440,6,1,3
15,10,31526.7,31440,6,1,3
16,10,31526.7,31440,6,1,3
17,10,31526.7,31440,6,1,3
18,10,31526.7,31440,6,1,3
19,10,31522.7,31448,5,1,3
20,10,31522.7,31448,5,1,3
21,10,31522.7,31448,5,1,3
22,10,31522.7,31448,5,1,3
23,10,31522.7,31448,5,1,3
24,10,31508.7,31446,5,1,3
25,10,31508.7,31446,5,1,3
26,10,31508.7,31446,5,1,3
27,10,31501.7,31451,5,1,3
28,10,31501.7,31451,5,1,3
29,10,31501.7,31451,5,1,3
30,10,31499.7,31449,5,1,3
31,10,31497.7,31447,5,1,3
32,10,31501.7,31451,5,1,3
33,10,31501.7,31451,5,1,3
34,10,31501.7,31451,5,1,3
35,10,31489.7,31445,4,1,3
36,10,31489.7,31445,4,1,3
37,10,31489.7,31445,4,1,3
38,10,31489.7,31445,4,1,3
39,10,31489.7,31445,4,1,3
40,10,31489.7,31445,4,1,3
41,10,31484.7,31440,4,1,3
42,10,31484.7,31440,4,1,3
43,10,31489.7,31445,4,1,3
44,10,31489.7,31445,4,1,3
45,10,31480.7,31454,3,1,3
46,10,31489.7,31445,4,1,3
47,10,31489.7,31445,4,1,3
48,10,31489.7,31445,4,1,3
49,10,31489.7,31445,4,1,3
50,10,31489.7,31445,4,1,3
51,10,31487.7,31443,4,1,3
52,10,31487.7,31443,4,1,3
53,10,31468.7,31442,3,1,3
54,10,31468.7,31442,3,1,3
55,10,31468.7,31442,3,1,3
56,10,31467.7,31441,3,1,3
57,10,31468.7,31442,3,1,3
58,10,31468.7,31442,3,1,3
59,10,31468.7,31442,3,1,3
60,10,31467.7,31441,3,1,3
61,10,31467.7,31441,3,1,3
62,10,31467.7,31441,3,1,3
63,10,31464.7,31444,2,1,3
64,10,31464.7,31444,2,1,3
65,10,31455.7,31441,2,1,3
66,10,31455.7,31441,2,1,3
67,10,31455.7,31441,2,1,3
68,10,31451.7,31443,2,1,3
69,10,31451.7,31443,2,1,3
70,10,31451.7,31443,2,1,3
71,10,31451.7,31443,2,1,3
72,10,31451.7,31443,2,1,3
73,10,31451.7,31443,2,1,3
74,10,31451.7,31443,2,1,3
75,10,31451.7,31443,2,1,3
76,10,31451.7,31443,2,1,3
77,10,31451.7,31443,2,1,3
78,10,31451.7,31443,2,1,3
79,10,31451.7,31443,2,1,3
80,10,31451.7,31443,2,1,3
81,10,31451.7,31443,2,1,3
82,10,31451.7,31443,2,1,3
83,10,31451.7,31443,2,1,3
84,10,31451.7,31443,2,1,3
85,10,31450.7,31442,2,1,3
86,10,31450.7,31442,2,1,3
87,10,31450.7,31442,2,1,3
88,10,31450.7,31442,2,1,3
89,10,31450.7,31442,2,1,3
90,10,31450.7,31442,2,1,3
91,10,31450.7,31442,2,1,3
92,10,31450.7,31442,2,1,3
93,10,31450.7,31442,2,1,3
94,10,31450.7,31442,2,1,3
95,10,31445.7,31437,2,1,3
96,10,31442.7,31440,1,1,3
97,10,31442.7,31440,1,1,3
98,10,31441.7,31433,2,1,3
99,10,31439.7,31431,2,1,3
100,10,31439.7,31431,2,1,3
101,10,31435.7,31421,2,1,3
102,10,31435.7,31421,2,1,3
103,10,31435.7,31421,2,1,3
104,10,31435.7,31421,2,1,3
105,10,31435.7,31421,2,1,3
106,10,31435.7,31421,2,1,3
107,10,31432.7,31424,2,1,3
108,10,31430.7,31416,2,1,3
109,10,31430.7,31416,2,1,3
110,10,31430.7,31416,2,1,3
111,10,31430.7,31416,2,1,3
112,10,31425.7,31405,2,1,3
113,10,31425.7,31405,2,1,3
114,10,31425.7,31405,2,1,3
115,10,31425.7,31405,2,1,3
116,10,31425.7,31405,2,1,3
117,10,31425.7,31405,2,1,3
118,10,31425.7,31405,2,1,3
119,10,31425.7,31405,2,1,3
120,10,31425.7,31405,2,1,3
121,10,31425.7,31405,2,1,3
122,10,31425.7,31405,2,1,3
123,10,31425.7,31405,2,1,3
124,10,31425.7,31405,2,1,3
125,10,31425.7,31405,2,1,3
126,10,31425.7,31405,2,1,3
127,10,31425.7,31405,2,1,3
128,10,31422.7,31408,2,1,3
129,10,31422.7,31408,2,1,3
130,10,31411.7,31403,2,1,3
131,10,31411.7,31403,2,1,3
132,10,31410.7,31396,2,1,3
133,10,31410.7,31396,2,1,3
134,10,31401.7,31393,2,1,3
135,10,31401.7,31393,2,1,3
136,10,31401.7,31393,2,1,3
137,10,31401.7,31393,2,1,3
138,10,31401.7,31387,3,1,3
139,10,31401.7,31387,3,1,3
140,10,31401.7,31387,3,1,3
141,10,31393.7,31385,2,1,3
142,10,31401.7,31393,2,1,3
143,10,31401.7,31387,3,1,3
144,10,31401.7,31387,3,1,3
145,10,31401.7,31387,3,1,3
146,10,31401.7,31387,3,1,3
147,10,31395.7,31375,3,1,3
148,10,31397.7,31371,3,1,3
149,10,31397.7,31371,3,1,3
150,10,31395.7,31375,3,1,3
151,10,31389.7,31363,3,1,3
152,10,31389.7,31363,3,1,3
153,10,31389.7,31363,3,1,3
154,10,31387.7,31361,3,1,3
155,10,31387.7,31361,3,1,3
156,10,31387.7,31361,3,1,3
157,10,31387.7,31361,3,1,3
158,10,31387.7,31361,3,1,3
159,10,31387.7,31361,3,1,3
160,10,31387.7,31361,3,1,3
161,10,31386.7,31360,3,1,3
162,10,31386.7,31360,3,1,3
163,10,31386.7,31360,3,1,3
164,10,31386.7,31360,3,1,3
165,10,31386.7,31360,3,1,3
166,10,31386.7,31360,3,1,3
167,10,31374.7,31360,2,1,3
168,10,31374.7,31360,2,1,3
169,10,31374.7,31360,2,1,3
170,10,31374.7,31360,2,1,3
171,10,31374.7,31360,2,1,3
172,10,31374.7,31360,2,1,3
173,10,31374.7,31360,2,1,3
174,10,31374.7,31360,2,1,3
175,10,31374.7,31360,2,1,3
176,10,31374.7,31360,2,1,3
177,10,31374.7,31360,2,1,3
178,10,31374.7,31360,2,1,3
179,10,31374.7,31360,2,1,3
180,10,31368.7,31360,2,1,3
181,10,31368.7,31360,2,1,3
182,10,31368.7,31360,2,1,3
183,10,31368.7,31360,2,1,3
184,10,31368.7,31360,2,1,3
185,10,31368.7,31360,2,1,3
186,10,31368.7,31360,2,1,3
187,10,31368.7,31360,2,1,3
188,10,31368.7,31360,2,1,3
189,10,31366.7,31358,2,1,3
190,10,31366.7,31358,2,1,3
191,10,31364.7,31356,2,1,3
192,10,31364.7,31356,2,1,3
193,10,31364.7,31356,2,1,3
194,10,31364.7,31356,2,1,3
195,10,31364.7,31356,2,1,3
196,10,31364.7,31356,2,1,3
197,10,31364.7,31356,2,1,3
198,10,31364.7,31356,2,1,3
199,10,31364.7,31356,2,1,3
200,10,31364.7,31356,2,1,3
201,10,31364.7,31356,2,1,3
202,10,31364.7,31356,2,1,3
203,10,31363.7,31355,2,1,3
204,10,31363.7,31355,2,1,3
205,10,31363.7,31355,2,1,3
206,10,31363.7,31355,2,1,3
207,10,31363.7,31355,2,1,3
208,10,31363.7,31355,2,1,3
209,10,31363.7,31355,2,1,3
210,10,31363.7,31355,2,1,3
211,10,31363.7,31355,2,1,3
212,10,31363.7,31355,2,1,3
213,10,31363.7,31355,2,1,3
214,10,31363.7,31355,2,1,3
215,10,31363.7,31355,2,1,3
216,10,31352.7,31350,1,1,3
217,10,31352.7,31350,1,1,3
218,10,31352.7,31350,1,1,3
219,10,31352.7,31350,1,1,3
220,10,31351.7,31343,2,1,3
221,10,31351.7,31343,2,1,3
222,10,31351.7,31343,2,1,3
223,10,31351.7,31343,2,1,3
224,10,31351.7,31343,2,1,3
225,10,31351.7,31343,2,1,3
226,10,31351.7,31343,2,1,3
227,10,31351.7,31343,2,1,3
228,10,31351.7,31343,2,1,3
229,10,31351.7,31343,2,1,3
230,10,31351.7,31343,2,1,3
231,10,31351.7,31343,2,1,3
232,10,31351.7,31343,2,1,3
233,10,31351.7,31343,2,1,3
234,10,31351.7,31343,2,1,3
235,10,31351.7,31343,2,1,3
236,10,31347.7,31339,2,1,3
237,10,31347.7,31339,2,1,3
238,10,31347.7,31339,2,1,3
239,10,31347.7,31339,2,1,3
240,10,31347.7,31339,2,1,3
241,10,31347.7,31339,2,1,3
242,10,31347.7,31339,2,1,3
243,10,31347.7,31339,2,1,3
244,10,31347.7,31339,2,1,3
245,10,31344.7,31336,2,1,3
246,10,31347.7,31339,2,1,3
247,10,31347.7,31339,2,1,3
248,10,31347.7,31339,2,1,3
249,10,31343.7,31335,2,1,3
250,10,31343.7,31335,2,1,3
251,10,31343.7,31335,2,1,3
252,10,31342.7,31334,2,1,3
253,10,31342.7,31334,2,1,3
254,10,31342.7,31334,2,1,3
255,10,31342.7,31334,2,1,3
256,10,31342.7,31334,2,1,3
257,10,31342.7,31334,2,1,3
258,10,31342.7,31334,2,1,3
259,10,31342.7,31334,2,1,3
260,10,31342.7,31334,2,1,3
261,10,31342.7,31334,2,1,3
262,10,31342.7,31334,2,1,3
263,10,31342.7,31334,2,1,3
264,10,31342.7,31334,2,1,3
265,10,31342.7,31334,2,1,3
266,10,31342.7,31334,2,1,3
267,10,31342.7,31334,2,1,3
268,10,31342.7,31334,2,1,3
269,10,31342.7,31328,2,1,3
270,10,31329.7,31321,2,1,3
271,10,31335.7,31327,2,1,3
272,10,31335.7,31327,2,1,3
273,10,31335.7,31327,2,1,3
274,10,31335.7,31327,2,1,3
275,10,31335.7,31327,2,1,3
276,10,31335.7,31327,2,1,3
277,10,31335.7,31327,2,1,3
278,10,31331.7,31329,1,1,3
279,10,31331.7,31329,1,1,3
280,10,31331.7,31329,1,1,3
281,10,31331.7,31329,1,1,3
282,10,31331.7,31329,1,1,3
283,10,31331.7,31329,1,1,3
284,10,31326.7,31324,1,1,3
285,10,31331.7,31329,1,1,3
286,10,31331.7,31323,2,1,3
287,10,31329.7,31315,2,1,3
288,10,31329.7,31315,2,1,3
289,10,31329.7,31315,2,1,3
290,10,31329.7,31315,2,1,3
291,10,31329.7,31315,2,1,3
292,10,31329.7,31315,2,1,3
293,10,31329.7,31315,2,1,3
294,10,31329.7,31315,2,1,3
295,10,31329.7,31315,2,1,3
296,10,31329.7,31315,2,1,3
297,10,31329.7,31315,2,1,3
298,10,31329.7,31315,2,1,3
299,10,31329.7,31315,2,1,3
300,10,31329.7,31315,2,1,3
301,10,31329.7,31315,2,1,3
302,10,31329.7,31315,2,1,3
303,10,31329.7,31315,2,1,3
304,10,31329.7,31315,2,1,3
305,10,31329.7,31315,2,1,3
306,10,31329.7,31315,2,1,3
307,10,31329.7,31315,2,1,3
308,10,31329.7,31315,2,1,3
309,10,31329.7,31315,2,1,3
310,10,31329.7,31315,2,1,3
311,10,31329.7,31315,2,1,3
312,10,31329.7,31315,2,1,3
313,10,31328.7,31308,2,1,3
314,10,31327.7,31307,2,1,3
315,10,31327.7,31307,2,1,3
316,10,31317.7,31303,2,1,3
317,10,31317.7,31303,2,1,3
318,10,31318.7,31304,2,1,3
319,10,31318.7,31304,2,1,3
320,10,31318.7,31304,2,1,3
321,10,31318.7,31304,2,1,3
322,10,31318.7,31304,2,1,3
323,10,31318.7,31304,2,1,3
324,10,31318.7,31304,2,1,3
325,10,31318.7,31304,2,1,3
326,10,31318.7,31304,2,1,3
327,10,31318.7,31304,2,1,3
328,10,31318.7,31304,2,1,3
329,10,31318.7,31304,2,1,3
330,10,31318.7,31304,2,1,3
331,10,31312.7,31304,2,1,3
332,10,31314.7,31300,2,1,3
333,10,31314.7,31300,2,1,3
334,10,31314.7,31300,2,1,3
335,10,31314.7,31300,2,1,3
336,10,31314.7,31300,2,1,3
337,10,31314.7,31300,2,1,3
338,10,31314.7,31300,2,1,3
339,10,31314.7,31300,2,1,3
340,10,31306.7,31292,2,1,3
341,10,31306.7,31292,2,1,3
342,10,31306.7,31292,2,1,3
343,10,31306.7,31292,2,1,3
344,10,31306.7,31292,2,1,3
345,10,31306.7,31292,2,1,3
346,10,31306.7,31292,2,1,3
347,10,31306.7,31292,2,1,3
348,10,31306.7,31292,2,1,3
349,10,31298.7,31290,2,1,3
350,10,31298.7,31290,2,1,3
351,10,31298.7,31290,2,1,3
352,10,31298.7,31290,2,1,3
353,10,31298.7,31290,2,1,3
354,10,31298.7,31290,2,1,3
355,10,31298.7,31290,2,1,3
356,10,31298.7,31290,2,1,3
357,10,31298.7,31290,2,1,3
358,10,31298.7,31290,2,1,3
359,10,31298.7,31290,2,1,3
360,10,31298.7,31290,2,1,3
361,10,31296.7,31282,2,1,3
362,10,31296.7,31282,2,1,3
363,10,31296.7,31282,2,1,3
364,10,31296.7,31282,2,1,3
365,10,31296.7,31282,2,1,3
366,10,31296.7,31282,2,1,3
367,10,31296.7,31282,2,1,3
368,10,31292.7,31278,2,1,3
369,10,31292.7,31278,2,1,3
370,10,31292.7,31278,2,1,3
371,10,31292.7,31278,2,1,3
372,10,31286.7,31278,2,1,3
373,10,31286.7,31278,2,1,3
374,10,31286.7,31278,2,1,3
375,10,31286.7,31278,2,1,3
376,10,31286.7,31278,2,1,3
377,10,31286.7,31278,2,1,3
378,10,31286.7,31278,2,1,3
379,10,31277.7,31275,1,1,3
380,10,31277.7,31275,1,1,3
381,10,31277.7,31275,1,1,3
382,10,31277.7,31275,1,1,3
383,10,31277.7,31275,1,1,3
384,10,31277.7,31275,1,1,3
385,10,31277.7,31275,1,1,3
386,10,31277.7,31275,1,1,3
387,10,31277.7,31275,1,1,3
388,10,31277.7,31275,1,1,3
389,10,31277.7,31275,1,1,3
390,10,31277.7,31275,1,1,3
391,10,31277.7,31275,1,1,3
392,10,31277.7,31275,1,1,3
393,10,31277.7,31269,2,1,3
394,10,31277.7,31269,2,1,3
395,10,31277.7,31269,2,1,3
396,10,31277.7,31269,2,1,3
397,10,31277.7,31269,2,1,3
398,10,31277.7,31269,2,1,3
399,10,31277.7,31269,2,1,3
400,10,31271.7,31269,1,1,3
401,10,31271.7,31269,1,1,3
402,10,31271.7,31269,1,1,3
403,10,31271.7,31269,1,1,3
404,10,31271.7,31269,1,1,3
405,10,31271.7,31269,1,1,3
406,10,31271.7,31269,1,1,3
407,10,31271.7,31269,1,1,3
408,10,31270.7,31262,2,1,3
409,10,31267.7,31259,2,1,3
410,10,31265.7,31257,2,1,3
411,10,31267.7,31259,2,1,3
412,10,31267.7,31259,2,1,3
413,10,31267.7,31259,2,1,3
414,10,31267.7,31253,2,1,3
415,10,31267.7,31259,2,1,3
416,10,31267.7,31259,2,1,3
417,10,31267.7,31259,2,1,3
418,10,31267.7,31259,2,1,3
419,10,31257.7,31249,2,1,3
420,10,31257.7,31249,2,1,3
421,10,31257.7,31249,2,1,3
422,10,31257.7,31249,2,1,3
423,10,31257.7,31249,2,1,3
424,10,31257.7,31249,2,1,3
425,10,31257.7,31249,2,1,3
426,10,31257.7,31249,2,1,3
427,10,31253.7,31245,2,1,3
428,10,31253.7,31245,2,1,3
429,10,31253.7,31245,2,1,3
430,10,31253.7,31245,2,1,3
431,10,31253.7,31245,2,1,3
432,10,31253.7,31245,2,1,3
433,10,31253.7,31245,2,1,3
434,10,31253.7,31245,2,1,3
435,10,31253.7,31245,2,1,3
436,10,31253.7,31245,2,1,3
437,10,31253.7,31245,2,1,3
438,10,31247.7,31239,2,1,3
439,10,31247.7,31239,2,1,3
440,10,31247.7,31239,2,1,3
441,10,31247.7,31239,2,1,3
442,10,31247.7,31239,2,1,3
443,10,31247.7,31239,2,1,3
444,10,31247.7,31239,2,1,3
445,10,31247.7,31239,2,1,3
446,10,31247.7,31239,2,1,3
447,10,31247.7,31239,2,1,3
448,10,31247.7,31239,2,1,3
449,10,31247.7,31239,2,1,3
450,10,31247.7,31239,2,1,3
451,10,31247.7,31239,2,1,3
452,10,31244.7,31236,2,1,3
453,10,31244.7,31236,2,1,3
454,10,31244.7,31236,2,1,3
455,10,31244.7,31236,2,1,3
456,10,31244.7,31236,2,1,3
457,10,31243.7,31229,3,1,3
458,10,31243.7,31229,3,1,3
459,10,31243.7,31229,3,1,3
460,10,31243.7,31229,3,1,3
461,10,31243.7,31229,3,1,3
462,10,31241.7,31221,3,1,3
463,10,31241.7,31221,3,1,3
464,10,31243.7,31229,3,1,3
465,10,31243.7,31229,3,1,3
466,10,31243.7,31229,3,1,3
467,10,31243.7,31229,3,1,3
468,10,31243.7,31229,3,1,3
469,10,31243.7,31229,3,1,3
470,10,31243.7,31229,3,1,3
471,10,31243.7,31229,3,1,3
472,10,31243.7,31229,3,1,3
473,10,31243.7,31229,3,1,3
474,10,31243.7,31229,3,1,3
475,10,31238.7,31224,3,1,3
476,10,31243.7,31229,3,1,3
477,10,31243.7,31229,3,1,3
478,10,31243.7,31229,3,1,3
479,10,31240.7,31232,2,1,3
480,10,31240.7,31232,2,1,3
481,10,31240.7,31232,2,1,3
482,10,31240.7,31232,2,1,3
483,10,31240.7,31232,2,1,3
484,10,31240.7,31232,2,1,3
485,10,31240.7,31232,2,1,3
486,10,31240.7,31232,2,1,3
487,10,31240.7,31232,2,1,3
488,10,31240.7,31232,2,1,3
489,10,31237.7,31223,2,1,3
490,10,31236.7,31222,2,1,3
491,10,31236.7,31222,2,1,3
492,10,31236.7,31222,2,1,3
493,10,31236.7,31222,2,1,3
494,10,31236.7,31222,2,1,3
495,10,31236.7,31222,2,1,3
496,10,31236.7,31222,2,1,3
497,10,31236.7,31222,2,1,3
498,10,31236.7,31222,2,1,3
499,10,31236.7,31222,2,1,3
500,10,31236.7,31222,2,1,3
1,10,31390.9,31390,1,1,1
2,10,31390.9,31390,1,1,1
3,10,31389.9,31387,2,1,1
4,10,31389.9,31387,2,1,1
5,10,31389.9,31387,2,1,1
6,10,31389.9,31387,2,1,1
7,10,31389.9,31387,2,1,1
8,10,31384.9,31382,2,1,1
9,10,31381.9,31377,2,1,1
10,10,31381.9,31377,2,1,1
11,10,31381.9,31377,2,1,1
12,10,31381.9,31377,2,1,1
13,10,31381.9,31377,2,1,1
14,10,31380.9,31376,2,1,1
15,10,31378.9,31374,2,1,1
16,10,31374.9,31370,2,1,1
17,10,31378.9,31374,2,1,1
18,10,31378.9,31374,2,1,1
19,10,31378.9,31374,2,1,1
20,10,31378.9,31374,2,1,1
21,10,31378.9,31374,2,1,1
22,10,31375.9,31371,2,1,1
23,10,31375.9,31371,2,1,1
24,10,31375.9,31371,2,1,1
25,10,31375.9,31371,2,1,1
26,10,31375.9,31371,2,1,1
27,10,31375.9,31371,2,1,1
28,10,31375.9,31371,2,1,1
29,10,31375.9,31371,2,1,1
30,10,31375.9,31371,2,1,1
31,10,31374.9,31370,2,1,1
32,10,31374.9,31370,2,1,1
33,10,31374.9,31370,2,1,1
34,10,31374.9,31370,2,1,1
35,10,31374.9,31370,2,1,1
36,10,31374.9,31370,2,1,1
37,10,31374.9,31370,2,1,1
38,10,31374.9,31370,2,1,1
39,10,31371.9,31367,2,1,1
40,10,31371.9,31367,2,1,1
41,10,31368.9,31362,2,1,1
42,10,31365.9,31359,2,1,1
43,10,31364.9,31356,3,1,1
44,10,31364.9,31356,3,1,1
45,10,31364.9,31356,3,1,1
46,10,31364.9,31356,3,1,1
47,10,31364.9,31356,3,1,1
48,10,31364.9,31356,3,1,1
49,10,31364.9,31356,3,1,1
50,10,31364.9,31356,3,1,1
51,10,31364.9,31356,3,1,1
52,10,31364.9,31356,3,1,1
53,10,31364.9,31356,3,1,1
54,10,31364.9,31356,3,1,1
55,10,31364.9,31356,3,1,1
56,10,31364.9,31356,3,1,1
57,10,31364.9,31356,3,1,1
58,10,31364.9,31356,3,1,1
59,10,31363.9,31355,3,1,1
60,10,31359.9,31353,3,1,1
61,10,31356.9,31346,4,1,1
62,10,31356.9,31346,4,1,1
63,10,31355.9,31341,4,1,1
64,10,31345.9,31335,4,1,1
65,10,31345.9,31335,4,1,1
66,10,31345.9,31335,4,1,1
67,10,31345.9,31335,4,1,1
68,10,31345.9,31335,4,1,1
69,10,31345.9,31335,4,1,1
70,10,31345.9,31335,4,1,1
71,10,31345.9,31335,4,1,1
72,10,31345.9,31335,4,1,1
73,10,31341.9,31329,4,1,1
74,10,31341.9,31329,4,1,1
75,10,31341.9,31329,4,1,1
76,10,31341.9,31329,4,1,1
77,10,31334.9,31326,3,1,1
78,10,31341.9,31329,4,1,1
79,10,31341.9,31329,4,1,1
80,10,31339.9,31323,4,1,1
81,10,31339.9,31323,4,1,1
82,10,31337.9,31321,4,1,1
83,10,31337.9,31321,4,1,1
84,10,31337.9,31321,4,1,1
85,10,31339.9,31323,4,1,1
86,10,31339.9,31323,4,1,1
87,10,31339.9,31323,4,1,1
88,10,31339.9,31323,4,1,1
89,10,31339.9,31323,4,1,1
90,10,31339.9,31323,4,1,1
91,10,31339.9,31323,4,1,1
92,10,31339.9,31323,4,1,1
93,10,31339.9,31323,4,1,1
94,10,31339.9,31323,4,1,1
95,10,31339.9,31323,4,1,1
96,10,31332.9,31322,3,1,1
97,10,31332.9,31322,3,1,1
98,10,31332.9,31322,3,1,1
99,10,31330.9,31318,3,1,1
100,10,31330.9,31318,3,1,1
101,10,31330.9,31318,3,1,1
102,10,31330.9,31318,3,1,1
103,10,31330.9,31318,3,1,1
104,10,31330.9,31318,3,1,1
105,10,31325.9,31311,4,1,1
106,10,31325.9,31311,4,1,1
107,10,31325.9,31311,4,1,1
108,10,31323.9,31311,4,1,1
109,10,31323.9,31311,4,1,1
110,10,31316.9,31304,3,1,1
111,10,31316.9,31304,3,1,1
112,10,31311.9,31295,4,1,1
113,10,31309.9,31291,5,1,1
114,10,31302.9,31288,4,1,1
115,10,31295.9,31283,3,1,1
116,10,31295.9,31283,3,1,1
117,10,31287.9,31279,3,1,1
118,10,31287.9,31279,3,1,1
119,10,31287.9,31279,3,1,1
120,10,31287.9,31279,3,1,1
121,10,31287.9,31279,3,1,1
122,10,31287.9,31279,3,1,1
123,10,31282.9,31276,2,1,1
124,10,31282.9,31276,2,1,1
125,10,31282.9,31276,2,1,1
126,10,31281.9,31271,3,1,1
127,10,31281.9,31271,3,1,1
128,10,31281.9,31271,3,1,1
129,10,31281.9,31271,3,1,1
130,10,31277.9,31263,3,1,1
131,10,31277.9,31263,3,1,1
132,10,31279.9,31269,3,1,1
133,10,31279.9,31269,3,1,1
134,10,31279.9,31269,3,1,1
135,10,31279.9,31269,3,1,1
136,10,31279.9,31269,3,1,1
137,10,31277.9,31263,4,1,1
138,10,31277.9,31263,4,1,1
139,10,31269.9,31259,3,1,1
140,10,31269.9,31259,3,1,1
141,10,31269.9,31259,3,1,1
142,10,31269.9,31259,3,1,1
143,10,31267.9,31253,4,1,1
144,10,31267.9,31253,4,1,1
145,10,31267.9,31253,4,1,1
146,10,31267.9,31253,4,1,1
147,10,31265.9,31253,4,1,1
148,10,31254.9,31244,4,1,1
149,10,31254.9,31244,4,1,1
150,10,31254.9,31244,4,1,1
151,10,31254.9,31244,4,1,1
152,10,31254.9,31244,4,1,1
153,10,31254.9,31242,4,1,1
154,10,31254.9,31242,4,1,1
155,10,31254.9,31242,4,1,1
156,10,31254.9,31242,4,1,1
157,10,31247.9,31237,4,1,1
158,10,31247.9,31237,4,1,1
159,10,31242.9,31236,2,1,1
160,10,31247.9,31237,4,1,1
161,10,31248.9,31236,4,1,1
162,10,31245.9,31233,4,1,1
163,10,31240.9,31226,4,1,1
164,10,31243.9,31231,4,1,1
165,10,31243.9,31231,4,1,1
166,10,31242.9,31228,4,1,1
167,10,31242.9,31228,4,1,1
168,10,31242.9,31228,4,1,1
169,10,31242.9,31228,4,1,1
170,10,31242.9,31228,4,1,1
171,10,31242.9,31228,4,1,1
172,10,31242.9,31228,4,1,1
173,10,31238.9,31228,3,1,1
174,10,31240.9,31234,2,1,1
175,10,31238.9,31228,3,1,1
176,10,31230.9,31216,3,1,1
177,10,31230.9,31216,3,1,1
178,10,31230.9,31216,3,1,1
179,10,31229.9,31219,3,1,1
180,10,31226.9,31212,3,1,1
181,10,31226.9,31212,3,1,1
182,10,31220.9,31210,3,1,1
183,10,31220.9,31210,3,1,1
184,10,31220.9,31210,3,1,1
185,10,31220.9,31210,3,1,1
186,10,31220.9,31210,3,1,1
187,10,31220.9,31210,3,1,1
188,10,31220.9,31210,3,1,1
189,10,31220.9,31210,3,1,1
190,10,31220.9,31210,3,1,1
191,10,31220.9,31210,3,1,1
192,10,31219.9,31213,2,1,1
193,10,31216.9,31208,3,1,1
194,10,31216.9,31208,3,1,1
195,10,31216.9,31208,3,1,1
196,10,31210.9,31200,3,1,1
197,10,31204.9,31192,4,1,1
198,10,31201.9,31183,4,1,1
199,10,31201.9,31183,4,1,1
200,10,31201.9,31181,5,1,1
201,10,31201.9,31183,4,1,1
202,10,31201.9,31183,4,1,1
203,10,31201.9,31183,4,1,1
204,10,31197.9,31181,4,1,1
205,10,31197.9,31181,4,1,1
206,10,31197.9,31181,4,1,1
207,10,31197.9,31181,4,1,1
208,10,31193.9,31175,4,1,1
209,10,31193.9,31175,4,1,1
210,10,31193.9,31175,4,1,1
211,10,31192.9,31176,4,1,1
212,10,31192.9,31176,4,1,1
213,10,31192.9,31176,4,1,1
214,10,31185.9,31169,4,1,1
215,10,31185.9,31169,4,1,1
216,10,31185.9,31169,4,1,1
217,10,31185.9,31169,4,1,1
218,10,31185.9,31169,4,1,1
219,10,31185.9,31171,4,1,1
220,10,31185.9,31173,4,1,1
221,10,31183.9,31175,3,1,1
222,10,31183.9,31175,3,1,1
223,10,31183.9,31175,3,1,1
224,10,31178.9,31168,4,1,1
225,10,31183.9,31175,3,1,1
226,10,31183.9,31175,3,1,1
227,10,31183.9,31175,3,1,1
228,10,31183.9,31175,3,1,1
229,10,31183.9,31175,3,1,1
230,10,31183.9,31175,3,1,1
231,10,31183.9,31175,3,1,1
232,10,31183.9,31175,3,1,1
233,10,31183.9,31175,3,1,1
234,10,31183.9,31175,3,1,1
235,10,31183.9,31175,3,1,1
236,10,31183.9,31175,3,1,1
237,10,31181.9,31171,3,1,1
238,10,31181.9,31171,3,1,1
239,10,31181.9,31171,3,1,1
240,10,31181.9,31171,3,1,1
241,10,31175.9,31169,2,1,1
242,10,31175.9,31169,2,1,1
243,10,31175.9,31169,2,1,1
244,10,31175.9,31169,2,1,1
245,10,31175.9,31169,2,1,1
246,10,31175.9,31169,2,1,1
247,10,31174.9,31166,2,1,1
248,10,31174.9,31162,3,1,1
249,10,31174.9,31166,2,1,1
250,10,31171.9,31163,2,1,1
251,10,31171.9,31163,2,1,1
252,10,31170.9,31162,2,1,1
253,10,31162.9,31156,2,1,1
254,10,31162.9,31156,2,1,1
255,10,31162.9,31156,2,1,1
256,10,31158.9,31150,2,1,1
257,10,31158.9,31150,2,1,1
258,10,31158.9,31150,2,1,1
259,10,31158.9,31150,2,1,1
260,10,31155.9,31149,2,1,1
261,10,31155.9,31149,2,1,1
262,10,31155.9,31149,2,1,1
263,10,31155.9,31149,2,1,1
264,10,31155.9,31149,2,1,1
265,10,31155.9,31149,2,1,1
266,10,31152.9,31148,2,1,1
267,10,31152.9,31148,2,1,1
268,10,31152.9,31148,2,1,1
269,10,31152.9,31148,2,1,1
270,10,31152.9,31148,2,1,1
271,10,31152.9,31148,2,1,1
272,10,31152.9,31148,2,1,1
273,10,31152.9,31148,2,1,1
274,10,31152.9,31148,2,1,1
275,10,31150.9,31146,2,1,1
276,10,31148.9,31144,2,1,1
277,10,31147.9,31141,3,1,1
278,10,31147.9,31141,3,1,1
279,10,31147.9,31141,3,1,1
280,10,31147.9,31141,3,1,1
281,10,31147.9,31141,3,1,1
282,10,31147.9,31141,3,1,1
283,10,31146.9,31138,3,1,1
284,10,31146.9,31138,3,1,1
285,10,31146.9,31138,3,1,1
286,10,31138.9,31132,3,1,1
287,10,31138.9,31132,3,1,1
288,10,31138.9,31132,3,1,1
289,10,31138.9,31132,3,1,1
290,10,31136.9,31128,3,1,1
291,10,31136.9,31128,3,1,1
292,10,31136.9,31128,3,1,1
293,10,31135.9,31127,3,1,1
294,10,31135.9,31129,3,1,1
295,10,31135.9,31129,3,1,1
296,10,31135.9,31129,3,1,1
297,10,31133.9,31127,3,1,1
298,10,31132.9,31124,3,1,1
299,10,31132.9,31124,3,1,1
300,10,31132.9,31124,3,1,1
301,10,31132.9,31124,3,1,1
302,10,31132.9,31124,3,1,1
303,10,31126.9,31120,3,1,1
304,10,31126.9,31120,3,1,1
305,10,31126.9,31120,3,1,1
306,10,31123.9,31117,3,1,1
307,10,31123.9,31117,3,1,1
308,10,31122.9,31112,4,1,1
309,10,31122.9,31112,4,1,1
310,10,31122.9,31112,4,1,1
311,10,31122.9,31112,4,1,1
312,10,31122.9,31112,4,1,1
313,10,31122.9,31112,4,1,1
314,10,31122.9,31112,4,1,1
315,10,31121.9,31113,4,1,1
316,10,31121.9,31113,4,1,1
317,10,31121.9,31109,4,1,1
318,10,31121.9,31109,4,1,1
319,10,31121.9,31113,4,1,1
320,10,31121.9,31113,4,1,1
321,10,31121.9,31113,4,1,1
322,10,31121.9,31113,4,1,1
323,10,31121.9,31113,4,1,1
324,10,31121.9,31113,4,1,1
325,10,31121.9,31113,4,1,1
326,10,31112.9,31102,4,1,1
327,10,31109.9,31097,4,1,1
328,10,31106.9,31096,3,1,1
329,10,31106.9,31096,3,1,1
330,10,31109.9,31097,4,1,1
331,10,31106.9,31096,3,1,1
332,10,31106.9,31096,3,1,1
333,10,31106.9,31096,3,1,1
334,10,31106.9,31096,3,1,1
335,10,31106.9,31096,3,1,1
336,10,31104.9,31094,3,1,1
337,10,31104.9,31094,3,1,1
338,10,31104.9,31094,3,1,1
339,10,31104.9,31094,3,1,1
340,10,31104.9,31094,3,1,1
341,10,31104.9,31090,4,1,1
342,10,31104.9,31090,4,1,1
343,10,31104.9,31090,4,1,1
344,10,31104.9,31090,4,1,1
345,10,31097.9,31089,3,1,1
346,10,31097.9,31089,3,1,1
347,10,31097.9,31089,3,1,1
348,10,31097.9,31089,3,1,1
349,10,31097.9,31089,3,1,1
350,10,31097.9,31089,3,1,1
351,10,31090.9,31082,3,1,1
352,10,31089.9,31083,2,1,1
353,10,31089.9,31081,3,1,1
354,10,31089.9,31083,2,1,1
355,10,31088.9,31082,2,1,1
356,10,31088.9,31082,2,1,1
357,10,31088.9,31082,2,1,1
358,10,31088.9,31082,2,1,1
359,10,31088.9,31082,2,1,1
360,10,31088.9,31082,2,1,1
361,10,31088.9,31082,2,1,1
362,10,31087.9,31077,3,1,1
363,10,31087.9,31077,3,1,1
364,10,31087.9,31077,3,1,1
365,10,31087.9,31077,3,1,1
366,10,31087.9,31077,3,1,1
367,10,31087.9,31077,3,1,1
368,10,31087.9,31077,3,1,1
369,10,31087.9,31077,3,1,1
370,10,31087.9,31077,3,1,1
371,10,31087.9,31077,3,1,1
372,10,31087.9,31077,3,1,1
373,10,31086.9,31078,3,1,1
374,10,31086.9,31078,3,1,1
375,10,31086.9,31078,3,1,1
376,10,31083.9,31079,2,1,1
377,10,31083.9,31079,2,1,1
378,10,31083.9,31079,2,1,1
379,10,31083.9,31079,2,1,1
380,10,31083.9,31079,2,1,1
381,10,31083.9,31079,2,1,1
382,10,31083.9,31079,2,1,1
383,10,31078.9,31072,2,1,1
384,10,31078.9,31072,2,1,1
385,10,31078.9,31072,2,1,1
386,10,31078.9,31072,2,1,1
387,10,31076.9,31070,2,1,1
388,10,31078.9,31072,2,1,1
389,10,31078.9,31072,2,1,1
390,10,31078.9,31072,2,1,1
391,10,31078.9,31072,2,1,1
392,10,31078.9,31072,2,1,1
393,10,31078.9,31072,2,1,1
394,10,31078.9,31072,2,1,1
395,10,31078.9,31072,2,1,1
396,10,31078.9,31068,3,1,1
397,10,31075.9,31065,3,1,1
398,10,31075.9,31065,3,1,1
399,10,31075.9,31065,3,1,1
400,10,31075.9,31065,3,1,1
401,10,31075.9,31065,3,1,1
402,10,31075.9,31065,3,1,1
403,10,31075.9,31065,3,1,1
404,10,31070.9,31064,2,1,1
405,10,31070.9,31064,2,1,1
406,10,31070.9,31064,2,1,1
407,10,31070.9,31064,2,1,1
408,10,31070.9,31064,2,1,1
409,10,31069.9,31065,2,1,1
410,10,31069.9,31065,2,1,1
411,10,31069.9,31065,2,1,1
412,10,31069.9,31065,2,1,1
413,10,31064.9,31054,4,1,1
414,10,31064.9,31054,4,1,1
415,10,31069.9,31065,2,1,1
416,10,31069.9,31065,2,1,1
417,10,31067.9,31061,2,1,1
418,10,31067.9,31061,2,1,1
419,10,31065.9,31061,2,1,1
420,10,31063.9,31057,2,1,1
421,10,31063.9,31057,2,1,1
422,10,31063.9,31057,2,1,1
423,10,31063.9,31057,2,1,1
424,10,31063.9,31057,2,1,1
425,10,31059.9,31055,2,1,1
426,10,31059.9,31055,2,1,1
427,10,31059.9,31055,2,1,1
428,10,31059.9,31055,2,1,1
429,10,31056.9,31052,2,1,1
430,10,31051.9,31049,2,1,1
431,10,31051.9,31049,2,1,1
432,10,31051.9,31049,2,1,1
433,10,31051.9,31049,2,1,1
434,10,31051.9,31049,2,1,1
435,10,31051.9,31049,2,1,1
436,10,31051.9,31049,2,1,1
437,10,31051.9,31049,2,1,1
438,10,31051.9,31049,2,1,1
439,10,31049.9,31045,2,1,1
440,10,31049.9,31045,2,1,1
441,10,31049.9,31045,2,1,1
442,10,31049.9,31045,2,1,1
443,10,31049.9,31045,2,1,1
444,10,31047.9,31043,2,1,1
445,10,31047.9,31041,3,1,1
446,10,31047.9,31041,3,1,1
447,10,31047.9,31039,3,1,1
448,10,31038.9,31034,2,1,1
449,10,31039.9,31033,2,1,1
450,10,31038.9,31034,2,1,1
451,10,31038.9,31034,2,1,1
452,10,31038.9,31034,2,1,1
453,10,31038.9,31034,2,1,1
454,10,31038.9,31034,2,1,1
455,10,31038.9,31034,2,1,1
456,10,31038.9,31034,2,1,1
457,10,31038.9,31034,2,1,1
458,10,31029.9,31027,2,1,1
459,10,31029.9,31027,2,1,1
460,10,31029.9,31027,2,1,1
461,10,31029.9,31027,2,1,1
462,10,31029.9,31027,2,1,1
463,10,31027.9,31023,2,1,1
464,10,31029.9,31027,2,1,1
465,10,31029.9,31027,2,1,1
466,10,31029.9,31027,2,1,1
467,10,31026.9,31022,2,1,1
468,10,31026.9,31022,2,1,1
469,10,31026.9,31022,2,1,1
470,10,31026.9,31022,2,1,1
471,10,31026.9,31022,2,1,1
472,10,31025.9,31017,3,1,1
473,10,31025.9,31017,3,1,1
474,10,31025.9,31017,3,1,1
475,10,31025.9,31017,3,1,1
476,10,31025.9,31017,3,1,1
477,10,31025.9,31017,3,1,1
478,10,31025.9,31017,3,1,1
479,10,31025.9,31017,3,1,1
480,10,31025.9,31017,3,1,1
481,10,31023.9,31013,3,1,1
482,10,31023.9,31013,3,1,1
483,10,31024.9,31014,4,1,1
484,10,31023.9,31015,3,1,1
485,10,31023.9,31015,3,1,1
486,10,31023.9,31013,3,1,1
487,10,31022.9,31010,4,1,1
488,10,31023.9,31013,3,1,1
489,10,31023.9,31013,3,1,1
490,10,31023.9,31013,3,1,1
491,10,31020.9,31008,4,1,1
492,10,31020.9,31008,4,1,1
493,10,31018.9,31008,4,1,1
494,10,31015.9,31003,4,1,1
495,10,31015.9,31003,4,1,1
496,10,31015.9,31003,4,1,1
497,10,31018.9,31008,4,1,1
498,10,31018.9,31008,4,1,1
499,10,31018.9,31008,4,1,1
500,10,31018.9,31008,4,1,1
